Things to Come,-1936
Star Wars: Episode VII - The Force Awakens,-2015
The Martian,-2015
Back to the Future,-1985
Back to the Future Part II,-1989
Jurassic World,-2015
Batman v Superman: Dawn of Justice,-2016
Tomorrowland,-2015
Ratchet and Clank,-2016
Avengers: Age of Ultron,-2015
Mad Max: Fury Road,-2015
The Hunger Games: Mockingjay - Part 2,-2015
Star Wars,-1977
Captain America: Civil War,-2016
Interstellar,-2014
X-Men: Apocalypse,-2016
Maze Runner: The Scorch Trials,-2015
Back to the Future Part III,-1990
Terminator Genisys,-2015
Pixels,-2015
Star Wars: Episode I - The Phantom Menace,-1999
Deadpool,-2016
Star Wars: Episode III - Revenge of the Sith,-2005
Star Wars: Episode VI - Return of the Jedi,-1983
Independence Day: Resurgence,-2016
Guardians of the Galaxy,-2014
The Lobster,-2015
Ghostbusters,-2016
Jupiter Ascending,-2015
Ex Machina,-2015
The Maze Runner,-2014
Ant-Man,-2015
Rogue One: A Star Wars Story,-2016
Star Wars: Episode V - The Empire Strikes Back,-1980
Star Wars: Episode VIII,-2017
Inception,-2010
Power Rangers,-2017
Circle,-2015
The Lazarus Effect,-2015
Assassin's Creed,-2016
Jurassic Park,-1993
Star Wars: Episode II - Attack of the Clones,-2002
Insurgent,-2015
The Hunger Games,-2012
Re-Kill,-2015
Star Trek Beyond,-2016
Z for Zachariah,-2015
The Avengers,-2012
Victor Frankenstein,-2015
A Clockwork Orange,-1971
X-Men: Days of Future Past,-2014
The 5th Wave,-2016
Cooties,-2014
The Diabolical,-2015
The Fifth Element,-1997
Divergent,-2014
Edge of Tomorrow,-2014
Air,-2015
Fantastic Four,-2015
Infini,-2015
The Matrix,-1999
Man of Steel,-2013
Self/less,-2015
The Hunger Games: Mockingjay - Part 1,-2014
Big Hero 6,-2014
Mad Max,-1979
Home,-2015
Resident Evil: The Final Chapter,-2017
Eternal Sunshine of the Spotless Mind,-2004
Alien,-1979
The Divergent Series: Allegiant,-2016
Turbo Kid,-2015
Pacific Rim,-2013
Prometheus,-2012
2001: A Space Odyssey,-1968
Project Almanac,-2014
Captain America: The Winter Soldier,-2014
Her,-2013
Chappie,-2015
Guardians of the Galaxy Vol. 2,-2017
Avatar,-2009
Watchmen,-2009
Blade Runner,-1982
Star Trek Into Darkness,-2013
Lucy,-2014
Oblivion,-2013
Donnie Darko,-2001
The Hunger Games: Catching Fire,-2013
Dragon Ball Z: Resurrection 'F',-2015
Captain America: The First Avenger,-2011
Star Trek,-2009
Alien: Paradise Lost,-2017
Limitless,-2011
The Terminator,-1984
Terminator 2: Judgment Day,-1991
Gravity,-2013
Transformers: Age of Extinction,-2014
Iron Man,-2008
Gambit,-2016
The Lost World: Jurassic Park,-1997
Elysium,-2013
The Giver,-2014
Snowpiercer,-2013
The Amazing Spider-Man 2,-2014
Godzilla,-2014
Untitled Jurassic World Sequel,-2018
Predestination,-2014
Tremors,-1990
Aliens,-1986
Teenage Mutant Ninja Turtles 2,-2016
Teenage Mutant Ninja Turtles,-2014
World War Z,-2013
Iron Man 3,-2013
I Am Number Four,-2011
X-Men: First Class,-2011
Dawn of the Dead,-2004
Avengers: Infinity War - Part I,-2018
GoldenEye,-1995
Cloud Atlas,-2012
Painkillers,-2015
Looper,-2012
High-Rise,-2015
X-Men,-2000
Super 8,-2011
Transformers,-2007
Dawn of the Planet of the Apes,-2014
After Earth,-2013
Minority Report,-2002
The Signal,-2014
Armageddon,-1998
E.T. the Extra-Terrestrial,-1982
Jurassic Park III,-2001
Under the Skin,-2013
Transcendence,-2014
Total Recall,-2012
Paul,-2011
The Purge,-2013
Moon,-2009
Superman Returns,-2006
The Justice League Part One,-2017
X-Men Origins: Wolverine,-2009
Green Lantern,-2011
Serenity,-2005
Mr. Nobody,-2009
Resident Evil: Retribution,-2012
In Time,-2011
The Thing,-1982
Extinction,-2015
Hellboy,-2004
The Mist,-2007
Avatar 2,-2017
TRON: Legacy,-2010
A.I. Artificial Intelligence,-2001
Attack the Block,-2011
Black Panther,-2018
Independence Day,-1996
Ant-Man and the Wasp,-2018
Signs,-2002
Children of Men,-2006
The Monster Squad,-1987
Terminator Salvation,-2009
Vice,-2015
I Origins,-2014
Starship Troopers,-1997
War for the Planet of the Apes,-2017
G.I. Joe: Retaliation,-2013
Passengers,-2016
Absolutely Anything,-2015
Lost in Space,-1998
Source Code,-2011
I Am Legend,-2007
Mad Max 2: The Road Warrior,-1981
The Spy Who Loved Me,-1977
Untitled Spider-Man Reboot,-2017
Battleship,-2012
WALL·E,-2008
The Circle,-2016
Dredd,-2012
Star Wars: Episode IX,-2019
Ender's Game,-2013
Iron Man 2,-2010
Hellboy II: The Golden Army,-2008
The Butterfly Effect,-2004
Hulk,-2003
Left Behind,-2014
Blade: Trinity,-2004
Spaceballs,-1987
The Running Man,-1987
The League of Extraordinary Gentlemen,-2003
Twelve Monkeys,-1995
John Carter,-2012
The Purge: Anarchy,-2014
Blade II,-2002
Terminator 3: Rise of the Machines,-2003
The Incredible Hulk,-2008
The Wraith,-1986
District 9,-2009
Equals,-2015
Predator,-1987
War of the Worlds,-2005
The World's End,-2013
The Day After Tomorrow,-2004
The Matrix Reloaded,-2003
Men in Black,-1997
X-Men: The Last Stand,-2006
Sunshine,-2007
Escape from New York,-1981
The Sand,-2015
Mary Shelley's Frankenstein,-1994
RoboCop,-2014
2012,-2009
Riddick,-2013
The Phoenix Incident,-2015
Idiocracy,-2006
Time Lapse,-2014
Resident Evil: Afterlife,-2010
Contact,-1997
Event Horizon,-1997
In Your Eyes,-2014
Dune,-1984
Spy Kids,-2001
June,-2015
Face/Off,-1997
The Adjustment Bureau,-2011
Total Recall,-1990
Daredevil,-2003
Gattaca,-1997
Mad Max Beyond Thunderdome,-1985
Moonraker,-1979
G.I. Joe: The Rise of Cobra,-2009
The Faculty,-1998
The Zero Theorem,-2013
Area 51,-2015
The Wolverine,-2013
The Matrix Revolutions,-2003
Mars Attacks!,-1996
Cloverfield,-2008
The Hitchhiker's Guide to the Galaxy,-2005
Equilibrium,-2002
Coherence,-2013
28 Weeks Later,-2007
The Happening,-2008
Real Steel,-2011
Fantastic Four,-2005
Never Let Me Go,-2010
Jumper,-2008
Superman,-1978
The Host,-2013
Melancholia,-2011
Brazil,-1985
Resident Evil: Apocalypse,-2004
Monster Island,-2004
Pandorum,-2009
Stargate,-1994
Hot Tub Time Machine 2,-2015
Reign of Fire,-2002
RoboCop,-1987
Jason X,-2001
X2,-2003
Planet of the Apes,-2001
The Chronicles of Riddick,-2004
Lilo & Stitch,-2002
Push,-2009
The Flash,-2018
Transformers: Revenge of the Fallen,-2009
Ready Player One,-2017
Sharknado 3: Oh Hell No!,-2015
Sky High,-2005
The Island,-2005
Slither,-2006
Wonder Woman,-2017
Transformers: Dark of the Moon,-2011
Halloween III: Season of the Witch,-1982
Bill & Ted's Excellent Adventure,-1989
Men in Black 3,-2012
Transformers 5,-2017
Atlantis: The Lost Empire,-2001
9,-2009
Rise of the Planet of the Apes,-2011
Unbreakable,-2000
Journey 2: The Mysterious Island,-2012
Masters of the Universe,-1987
The Man from Earth,-2007
Alien: Resurrection,-1997
Spring,-2014
Underworld: Rise of the Lycans,-2009
Parallels,-2015
Seventeen Again,-2000
The Fountain,-2006
Sphere,-1998
Narcopolis,-2015
"I, Robot",-2004
Alien³,-1992
Hot Tub Time Machine,-2010
Men in Black II,-2002
Deep Blue Sea,-1999
The Fly,-1986
Underworld: Evolution,-2006
Spy Kids: All the Time in the World in 4D,-2011
Vanilla Sky,-2001
Star Wars: The Clone Wars,-2008
Contagion,-2011
Primer,-2004
Mortal Kombat,-1995
Metropolis,-1927
Dark City,-1998
1984,-1984
Barbarella,-1968
Predators,-2010
"Honey, I Shrunk the Kids",-1989
Waterworld,-1995
Resident Evil: Extinction,-2007
The Cell,-2000
Mad Max: The Wasteland,-2015
Pitch Black,-2000
Doom,-2005
They Live,-1988
Priest,-2011
Howard the Duck,-1986
Close Encounters of the Third Kind,-1977
Austin Powers: The Spy Who Shagged Me,-1999
Frankenweenie,-2012
R.I.P.D.,-2013
"I, Frankenstein",-2014
The Maze Runner: The Death Cure,-2017
Automata,-2014
Teenage Mutant Ninja Turtles,-1990
The Thing,-2011
The Day the Earth Stood Still,-2008
Megamind,-2010
Powder,-1995
Planet of the Apes,-1968
Premonition,-2007
The Anomaly,-2014
Cube,-1997
Seeking a Friend for the End of the World,-2012
Evolution,-2001
Cowboys & Aliens,-2011
Dark Skies,-2013
Comet,-2014
Chronicle,-2012
23 Jump Street,-2015
The Lovers,-2015
Pacific Rim: Maelstrom,-2016
For Your Eyes Only,-1981
Untitled Blade Runner Project,-2016
Smosh: The Movie,-2015
Rocky Horror Show Live,-2015
Mr. Peabody & Sherman,-2014
Mimic,-1997
Treasure Planet,-2002
The Watch,-2012
Frankenstein,-1931
Bicentennial Man,-1999
Surrogates,-2009
The Iron Giant,-1999
Demolition Man,-1993
The Hive,-2015
Knowing,-2009
Splice,-2009
Ultraviolet,-2006
Mighty Morphin Power Rangers: The Movie,-1995
Gamer,-2009
M.M.P.R.,-2015
Sharknado,-2013
Flash Gordon,-1980
Journey 3: From the Earth to the Moon,-2016
Hollow Man,-2000
The Secret of NIMH,-1982
Deep Impact,-1998
Journey to the Center of the Earth,-2008
The Time Traveler's Wife,-2009
Death Race,-2008
Coneheads,-1993
Devil's Pass,-2013
Robots,-2005
Ghost in the Shell,-2017
Austin Powers in Goldmember,-2002
WarGames,-1983
Superbabies: Baby Geniuses 2,-2004
The Abyss,-1989
Hellboy 3,-2017
Dr. Jekyll and Mr. Hyde,-1941
Space Jam,-1996
Zathura: A Space Adventure,-2005
Europa Report,-2013
Dreamcatcher,-2003
The Jacket,-2005
Iron Sky,-2012
Lazer Team,-2015
Untitled Neill Blomkamp/Alien Project,-2017
The Time Machine,-2002
Godzilla,-1998
Lockout,-2012
Mission to Mars,-2000
Superman IV: The Quest for Peace,-1987
AVP: Alien vs. Predator,-2004
Aquaman,-2018
Solaris,-1972
Dragonball: Evolution,-2009
Mystery Men,-1999
The Fourth Kind,-2009
Galaxy Quest,-1999
Another Earth,-2011
Battle Royale,-2000
Cloudy with a Chance of Meatballs,-2009
Monsters vs. Aliens,-2009
Real Genius,-1985
Wild Wild West,-1999
Eraserhead,-1977
The X Files,-1998
Deja Vu,-2006
Soldier,-1998
The Dark Tower,-2017
The Dead Zone,-1983
Killer Klowns from Outer Space,-1988
Battle Los Angeles,-2011
The Last of Us,-2016
The Machine,-2013
Ghosts of Mars,-2001
TRON,-1982
Stalker,-1979
Frequency,-2000
Species,-1995
Meet the Robinsons,-2007
Untitled Han Solo Star Wars Anthology Film,-2018
Earth to Echo,-2014
Re-Animator,-1985
Battlefield Earth,-2000
Super Mario Bros.,-1993
Supergirl,-1984
A Scanner Darkly,-2006
Monsters,-2010
Heavy Metal,-1981
Spy Kids 3-D: Game Over,-2003
Doomsday,-2008
Escape from L.A.,-1996
Soylent Green,-1973
Next,-2007
The Last Days on Mars,-2013
Akira,-1988
Small Soldiers,-1998
The Flintstones in Viva Rock Vegas,-2000
Logan's Run,-1976
The Postman,-1997
Dinosaur,-2000
The Green Hornet,-2011
The Box,-2009
Star Trek II: The Wrath of Khan,-1982
Twilight Zone: The Movie,-1983
Tank Girl,-1995
Æon Flux,-2005
Fantastic 4: Rise of the Silver Surfer,-2007
Monsters: Dark Continent,-2014
The Core,-2003
Daybreakers,-2009
The Stepford Wives,-2004
After the Dark,-2013
Night of the Creeps,-1986
The Thirteenth Floor,-1999
Universal Soldier,-1992
Timeline,-2003
The Island of Dr. Moreau,-1996
PK,-2014
Hardcore,-2015
Star Trek: Nemesis,-2002
Ghost in the Shell,-1995
Perfect Sense,-2011
Bride of Frankenstein,-1935
Invasion of the Body Snatchers,-1978
City of Ember,-2008
The X Files: I Want to Believe,-2008
Nausicaä of the Valley of the Wind,-1984
Solaris,-2002
Quarantine,-2008
Race to Witch Mountain,-2009
Upstream Color,-2013
Land of the Lost,-2009
Flight World War II,-2015
The Andromeda Strain,-1971
John Dies at the End,-2012
Babylon A.D.,-2008
THX 1138,-1971
Short Circuit,-1986
2010,-1984
Judge Dredd,-1995
Aliens vs. Predator: Requiem,-2007
The Host,-2006
The Rocketeer,-1991
The Relic,-1997
The War of the Worlds,-1953
The Invasion,-2007
Strange Days,-1995
K-PAX,-2001
Open Your Eyes,-1997
Frequencies,-2013
Firestarter,-1984
Lake Placid,-1999
Robot Overlords,-2014
Final Fantasy: The Spirits Within,-2001
Red Planet,-2000
Star Trek: The Motion Picture,-1979
Time Warrior,-2012
RoboCop 2,-1990
Westworld,-1973
Zardoz,-1974
Predator 2,-1990
Village of the Damned,-1995
Enthiran 2,-2017
Untitled Wolverine Sequel,-2017
Upside Down,-2012
Spy Kids 2: Island of Lost Dreams,-2002
The Divergent Series: Ascendant,-2017
1,-2013
Forbidden Planet,-1956
The Tuxedo,-2002
Blast from the Past,-1999
Inhumans,-2019
Maximum Overdrive,-1986
Flight of the Navigator,-1986
The Sinister Six,-2016
The Time Machine,-1960
Harbinger Down,-2015
Detention,-2011
Mortal Kombat: Annihilation,-1997
The Congress,-2013
The Colony,-2013
The Brood,-1979
Chicken Little,-2005
The Last Starfighter,-1984
Superman III,-1983
The Manchurian Candidate,-2004
Superhero Movie,-2008
Videodrome,-1983
The Day the Earth Stood Still,-1951
Story of Your Life,-2016
Extraterrestrial,-2014
Congo,-1995
Time Bandits,-1981
Somewhere in Time,-1980
Thunderbirds,-2004
Sharknado 2: The Second One,-2014
Stake Land,-2010
Superman II,-1980
Repo Men,-2010
Krypton,-2016
Skyline,-2010
Bill & Ted's Bogus Journey,-1991
The Starving Games,-2013
Star Trek IV: The Voyage Home,-1986
Arachnophobia,-1990
Godzilla 2,-2018
Star Trek: First Contact,-1996
Flatliners,-1990
Paycheck,-2003
The Man Who Fell to Earth,-1976
Apollo 18,-2011
Zoom,-2006
The Labyrinth,-2015
Outlander,-2008
Scanners,-1981
Dragon Ball Z: Battle of Gods,-2013
Inspector Gadget,-1999
Creature from the Black Lagoon,-1954
Star Trek III: The Search for Spock,-1984
Phantasm,-1979
Volcano,-1997
Night of the Comet,-1984
Beyond Skyline,-2015
OzLand,-2015
TMNT,-2007
Thundercats,-2016
Listening,-2014
Titan A.E.,-2000
Alone in the Dark,-2005
The Space Between Us,-2016
Midnight Special,-2015
Bubble Boy,-2001
Avengers Grimm,-2015
Fahrenheit 451,-1966
The Avengers,-1998
The Adventures of Buckaroo Banzai Across the 8th Dimension,-1984
Star Trek 4,-2019
The Divide,-2011
The Forgotten,-2004
Supernova,-2000
Cell,-2016
The Scribbler,-2014
Womb,-2010
Star Trek: Insurrection,-1998
Ewoks: The Battle for Endor,-1985
Darkman,-1990
eXistenZ,-1999
The 6th Day,-2000
The Black Hole,-1979
Krrish 3,-2013
The Star Wars Holiday Special,-1987
Valérian and the City of a Thousand Planets,-2017
Cocoon,-1985
Lifeforce,-1985
Love,-2011
Southland Tales,-2006
Space Station 76,-2014
The Darkest Hour,-2011
Men & Chicken,-2015
The Nutty Professor,-1996
The Saint,-1997
Harlock: Space Pirate,-2013
Star Trek VI: The Undiscovered Country,-1991
Chain Reaction,-1996
Altered States,-1980
The Ewok Adventure,-1984
Repo! The Genetic Opera,-2008
The Lawnmower Man,-1992
Johnny Mnemonic,-1995
Into the Forest,-2015
Christmas Icetastrophe,-2014
Eight Legged Freaks,-2002
Baby Geniuses,-1999
Star Trek: Generations,-1994
Invasion of the Body Snatchers,-1956
RoboCop 3,-1993
Timecop,-1994
Sliding Doors,-1998
S. Darko,-2009
Universal Soldier: Day of Reckoning,-2012
Justice League Part Two,-2019
Young Ones,-2014
D.A.R.Y.L.,-1985
Critters,-1986
Space Jam 2,-2016
The City of Lost Children,-1995
Innerspace,-1987
Blindness,-2008
Avengers: Infinity War - Part II,-2019
Tekken,-2010
Okja,-2016
Wonder Woman,-2011
Cargo,-2009
Iron Sky: The Coming Race,-2016
Rogue,-2007
Pulse,-2006
Mighty Joe Young,-1998
Advantageous,-2015
Last Son of Krypton,-2013
Astro Boy,-2009
Sky Captain and the World of Tomorrow,-2004
Enemy Mine,-1985
G.I. Joe 3,-2016
Frankenstein's Army,-2013
Forever Young,-1992
Delirium,-2014
Carriers,-2009
Deep Rising,-1998
Explorers,-1985
Colossal,-2016
From Beyond,-1986
Willard,-2003
7500,-2014
Meg,-2017
Alien Outpost,-2014
The Astronaut's Wife,-1999
Tokyo Tribe,-2014
Untitled Terminator 2,-2017
Mine Games,-2012
Son of God,-2014
Teenage Mutant Ninja Turtles II: The Secret of the Ooze,-1991
The Invisible Man,-1933
Halo,-2016
Stepsister from Planet Weird,-2000
Hellraiser: Bloodline,-1996
Fantastic Four 2,-2017
The Thing from Another World,-1951
My Favorite Martian,-1999
Geostorm,-2016
"20,000 Leagues Under the Sea",-1954
Starship Troopers 3: Marauder,-2008
Battlestar Galactica: Blood & Chrome,-2012
Flubber,-1997
Enthiran,-2010
Junior,-1994
Grabbers,-2012
The Thaw,-2009
Green Lantern Corps,-2020
Plan 9 from Outer Space,-1959
Big Ass Spider!,-2013
Repo Man,-1984
Girl Vs. Monster,-2012
It's Such a Beautiful Day,-2012
The One,-2001
Attack of the Jurassic Shark,-2012
Starman,-1984
The Butterfly Effect 2,-2006
Escape from Planet Earth,-2013
Bad Taste,-1987
Dr. Jekyll and Mr. Hyde,-1931
The Fly,-1958
Alien Uprising,-2012
Ferocious Planet,-2011
The Blob,-1958
The Final Countdown,-1980
Dylan Dog: Dead of Night,-2010
Zenon: Girl of the 21st Century,-19999
Garm Wars: The Last Druid,-2014
Swamp Thing,-1982
Escape to Witch Mountain,-1975
Time After Time,-1979
Phantoms,-1998
Bait,-2012
Ben 10: Alien Swarm,-2009
Rollerball,-1975
Bounty Killer,-2013
Mars Needs Moms,-2011
SpaceCamp,-1986
2046,-2004
Village of the Damned,-1960
Phenomenon,-1996
Timecrimes,-2007
The Arrival,-1996
Aliens in the Attic,-2009
The Nines,-2007
Lake Placid vs. Anaconda,-2015
Stealth,-2005
Kaboom,-2010
Star Trek V: The Final Frontier,-1989
Earth Girls Are Easy,-1988
Jimmy Neutron: Boy Genius,-2001
A Boy and His Dog,-1975
The Bay,-2012
Splinter,-2008
The Transformers: The Movie,-1986
The Animatrix,-2003
Starship: Rising,-2014
Cyborg,-1989
TiMER,-2009
Cabin Fever: Patient Zero,-2014
Hobgoblins,-1988
AfterDeath,-2015
*batteries not included,-1987
Firefox,-1982
I'll Follow You Down,-2013
The Blob,-1988
Phantasm II,-1988
Frankenhooker,-1990
Black Sheep,-2006
Critters 3,-1991
Species II,-1998
Abbott and Costello Meet Frankenstein,-1948
My Stepmother Is an Alien,-1988
G-Force,-2009
The Omega Man,-1971
Suburban Commando,-1991
Fire in the Sky,-1993
Omega Doom,-1996
Fortress,-1992
Ava's Possessions,-2015
Metal Gear Solid,-2016
Double Dragon,-1994
Significance,-2016
Replicant,-2001
Legend,-2016
Grendel,-2007
Communion,-1989
Galaxy of Terror,-1981
Cypher,-2002
"I, Robot 2",-2016
Seconds,-1966
Flying Monkeys,-2013
Class of 1999,-1989
Passage to Mars,-2016
CQ,-2001
Cyborg,-2020
C.H.U.D.,-1984
Guyver,-1991
Ben 10: Race Against Time,-2007
Untitled Tron: Legacy Sequel,-2016
The Visitor,-1979
Tasmanian Devils,-2013
Brave New World,-1998
Real Steel 2,-2016
Primeval,-2007
Ghost in the Shell,-2015
Spaced Invaders,-1990
Heavy Metal 2000,-2000
Battlestar Galactica,-1978
Flesh Gordon,-1974
Independence Day 3,-2016
The Objective,-2008
Freaked,-1993
Renaissance,-2006
Quantum Quest: A Cassini Space Odyssey,-2010
Critters 2,-1988
Beowulf,-1999
The Girl Who Leapt Through Time,-2006
CJ7,-2008
Bride of Re-Animator,-1989
Dreamscape,-1984
Parasyte: Part 1,-2014
Body Snatchers,-1993
Sapphire Blue,-2014
The Day of the Triffids,-1963
Escape from the Planet of the Apes,-1971
Nowhere,-1997
The King of Fighters,-2010
Bang Bang Baby,-2014
Deathlok,-2016
My Science Project,-1985
Body Bags,-1993
The Little Prince,-1974
Ghost Shark,-2013
The Fantastic Four,-1994
Ghost in the Shell Arise: Border 1 - Ghost Pain,-2013
Battle Beyond the Stars,-1980
Poseidon Rex,-2013
Piranha Part Two: The Spawning,-1981
Brainscan,-1994
Ghost in the Shell 2.0,-2008
Independence Daysaster,-2013
Dr. Who and the Daleks,-1965
Robot Jox,-1989
Scintilla,-2014
Yukikaze,-2016
Three Inches,-2011
Antisocial,-2013
It Came from Outer Space,-1953
Colossus: The Forbin Project,-1970
Godsend,-2004
Robopocalypse,-2016
Unearthed,-2007
Undead,-2003
State of Emergency,-2011
Captain America,-1990
Mutant World,-2014
40 Days and Nights,-2012
Dark Angel,-1990
Sand Sharks,-2011
Memoirs of an Invisible Man,-1992
Age of Dinosaurs,-2013
Turks in Space,-2006
Virtuality,-2009
Chopping Mall,-1986
Starcrash,-1978
Shin Gojira,-2016
Patema Inverted,-2013
Good Boy!,-2003
Alligator,-1980
The Stand,-2016
Muppets from Space,-1999
The Meteor Man,-1993
Humanoids from the Deep,-1980
Immortal (Ad Vitam),-2004
The Man with Two Brains,-1983
Tokyo Gore Police,-2008
Altered,-2006
X: The Man with the X-Ray Eyes,-1963
City in the Sea,-1965
T-Force,-1994
Mysterious Island,-1961
Hirokin: The Last Samurai,-2012
Tale of the Mummy,-1998
Appleseed,-2004
Battle for Terra,-2007
Willard,-1971
Robodog,-2016
Sharktopus vs. Whalewolf,-2015
Space Chimps,-2008
Uncanny,-2015
Star Trek: Captain Pike,-2016
The Giant King,-2012
Lake Placid 2,-2007
Code 46,-2003
Thoughtcrimes,-2003
Darkchylde,-2016
Rz-9,-2015
Sharktopus vs. Pteracuda,-2014
My Future Boyfriend,-2011
G.O.R.A.,-2004
Max Headroom,-1985
Five Million Years to Earth,-1967
Action Replayy,-2010
Pixel Perfect,-2004
Chaos Walking,-2016
Anaconda: The Offspring,-2008
Strange Invaders,-1983
DeepStar Six,-1989
Alien Armageddon,-2011
The Dinosaur Project,-2012
Battle Royale II,-2003
Until the End of the World,-1991
Devil's Gate,-2015
The Incredible Shrinking Man,-1957
The Incredible Hulk Returns,-1988
Ticks,-1993
Another World,-2015
Alpha Squad Seven,-2016
Kafka,-1991
Son of Frankenstein,-1939
Sharknado 4,-2016
The Door,-2009
The Illustrated Man,-1969
Max Steel,-2016
The History of Future Folk,-2012
Drive,-1997
Rupture,-2016
Dragon Ball Z: Fusion Reborn,-1995
Beyond Re-Animator,-2003
Fatherland,-1994
Star Kid,-1997
The Forever War,-2016
Battle for the Planet of the Apes,-1973
Spacehunter: Adventures in the Forbidden Zone,-1983
Serena the Sexplorer,-2013
Horror Express,-1972
SFv1,-2016
Metropia,-2009
True Bloodthirst,-2012
Chronicles of the Mayan Tunnel,-2016
Electric Dreams,-1984
The Silent Earth,-2012
Ballistic: Ecks vs. Sever,-2002
Aurora,-2015
Hangar 10,-2014
500 MPH Storm,-2013
Flash Gordon,-1936
Firequake,-2014
Island of Lost Souls,-1932
Shank,-2010
The Sea Beast,-2008
Tarantula,-1955
Phase IV,-1974
Hellevator,-2004
Steel,-1997
Revenge of the Creature,-1955
Highlander: The Final Dimension,-1994
Masters of the Universe,-2016
Steamboy,-2004
Thunderpants,-2002
Highlander: The Source,-2007
Radio Free Albemuth,-2010
Testament,-1983
Second Origin,-2015
Xtro,-1982
Dr. Jekyll and Mr. Hyde,-2008
Looker,-1981
Megaforce,-1982
The Cabbage Soup,-1981
Space Milkshake,-2012
Watchers,-1988
Doomsday,-2015
Exploding Sun,-2013
Swamp Shark,-2011
Frogs,-1972
Android Cop,-2014
Android,-1982
Mauvais sang,-1986
Rotor DR1,-2015
Demon Seed,-1977
The Thing with Two Heads,-1972
Battledogs,-2013
When Worlds Collide,-1951
Millennium,-1989
The Hollow One,-2015
Robosapien: Rebooted,-2013
Harvest Moon,-2013
1984,-1956
The Device,-2014
What Planet Are You From?,-2000
Shark Babes,-2014
The Absent-Minded Professor,-1961
Bride of the Monster,-1955
Retroactive,-1997
Evangelion: 3.0 You Can (Not) Redo,-2012
Frankenstein Meets the Wolf Man,-1943
Dark Space,-2013
Riki-Oh: The Story of Ricky,-1991
Leonard Part 6,-1987
Battle of the Damned,-2013
Mysterious Island,-2012
Class of Nuke 'Em High,-1986
Evangelion: 1.0: You Are (Not) Alone,-2007
The Food of the Gods,-1976
Dragon Ball Z: Broly - The Legendary Super Saiyan,-1993
The Adventures of RoboRex,-2014
Zenon: The Zequel,-2001
Hell Comes to Frogtown,-1988
Anacondas: Trail of Blood,-2009
4:44 Last Day on Earth,-2011
The Cat from Outer Space,-1978
Invaders from Mars,-1953
Eden Log,-2007
Aqua Teen Hunger Force Colon Movie Film for Theaters,-2007
Fist of the North Star,-1995
The Puppet Masters,-1994
Gor,-1987
Mom and Dad Save the World,-1992
Trancers,-1984
Empire of the Ants,-1977
Almost Human,-2013
Asylum,-2008
Collision Earth,-2011
The Nest,-1988
Frankenstein,-2004
Slipstream,-1989
Revolt,-2015
Time Runner,-1993
Planet 51,-2009
Arachnoquake,-2012
Frequently Asked Questions About Time Travel,-2009
Return of the Ghostbusters,-2007
Containment,-2015
Double Team,-1997
Multiplicity,-1996
Cube²: Hypercube,-2002
The Rage: Carrie 2,-1999
Men in Black 4,-2017
Hard to Be a God,-2013
Rollerball,-2002
Replicas,-2016
The Returned,-2013
Mac and Me,-1988
The Last Man on Earth,-1964
My Super Ex-Girlfriend,-2006
How to Talk to Girls at Parties,-2016
Virus,-1999
Teenage Mutant Ninja Turtles III,-1993
"Time, the Fourth Dimension",-2017
Appleseed Alpha,-2014
Pokémon: The First Movie - Mewtwo Strikes Back,-1998
The I Inside,-2004
Final Fantasy VII: Advent Children,-2005
Atlas Shrugged: Part I,-2011
Agent Cody Banks 2: Destination London,-2004
Robot & Frank,-2012
Honey I Blew Up the Kid,-1992
The Boys from Brazil,-1978
Alien Abduction,-2014
Sound of My Voice,-2011
Paprika,-2006
Virtuosity,-1995
Meet Dave,-2008
Extracted,-2012
Godzilla,-1954
Universal Soldier: The Return,-1999
Gentlemen Broncos,-2009
Leviathan,-1989
Avatar 3,-2018
Batman: Mask of the Phantasm,-1993
Dark Star,-1974
The Six Billion Dollar Man,-2016
Ra.One,-2011
Turbo: A Power Rangers Movie,-1997
Runaway,-1984
Beyond the Black Rainbow,-2010
Highlander,-2016
Solarbabies,-1986
The Selection,-2013
The Mortal Instruments Origins: Clockwork Angel,-2016
Survivor,-2014
Alita: Battle Angel,-2016
Iceman,-2014
Piranha,-1978
Cabin Fever 2: Spring Fever,-2009
Barb Wire,-1996
The Titan,-2016
Lavalantula,-2015
Silent Running,-1972
The Stuff,-1985
400 Days,-2015
Underdog,-2007
Wizards,-1977
Untitled Cloverfield Sequel,-2018
RocketMan,-1997
The Day,-2011
Cube Zero,-2004
Fantastic Voyage,-1966
Repeaters,-2010
Marvel's Most Wanted,-2016
Who Am I?,-1998
Death Race 2000,-1975
Flowers for Algernon,-2000
Franklyn,-2008
Annihilation,-2016
How to Build a Better Boy,-2014
Outland,-1981
Caveman,-1981
Parts Per Billion,-2014
Disturbing Behavior,-1998
Morgan,-2016
Futureworld,-1976
The Nutty Professor,-1963
The Handmaid's Tale,-1990
The Toxic Avenger,-1984
Avatar 4,-2019
Regular Show: The Movie,-2015
Hardware,-1990
Ghost in the Shell 2: Innocence,-2004
The Blob,-2016
What Happened to Monday?,-2016
Antiviral,-2012
Smart House,-1999
Project X,-1987
Atlas Shrugged: Who Is John Galt?,-2014
The Butterfly Effect 3: Revelations,-2009
The After,-2014
Wing Commander,-1999
A Sound of Thunder,-2005
Screamers,-1995
The Manhattan Project,-1986
Them!,-1954
Viral,-2016
The Adventures of Pluto Nash,-2002
S1m0ne,-2002
The Signal,-2007
The Stepford Wives,-1975
Monkey Shines,-1988
Earthrise,-2014
Summer Wars,-2009
Predator,-2016
Fantastic Planet,-1973
Storage 24,-2012
The Lost Future,-2010
The Philadelphia Experiment,-1984
"Sexykiller, morirás por ella",-2008
Highlander II: The Quickening,-1991
Stranded,-2013
Conquest of the Planet of the Apes,-1972
Patrick,-2013
Starship Troopers: Invasion,-2012
Maximum Ride,-2016
Beneath the Planet of the Apes,-1970
The Fly II,-1989
The Day After,-1983
Cowboy Bebop: The Movie,-2001
Highlander: Endgame,-2000
The Reconstruction of William Zero,-2014
The Bride,-1985
X-Force,-2016
Blue Thunder,-1983
Theodore Rex,-1995
Angry Video Game Nerd: The Movie,-2014
Mutant Chronicles,-2008
Jumper 2,-2016
Godzilla vs. Kong,-2020
Batman and Robin,-1949
The Final Cut,-2004
Outpost,-2007
Reaper,-2014
SEAL Team 666,-2016
Far Cry,-2008
Sharktopus,-2010
End of the World,-2013
Empires of the Deep,-2016
No Escape,-1994
The Veil,-2015
Medusa,-2015
Can of Worms,-1999
Roger Corman's Frankenstein Unbound,-1990
Eva,-2011
Mega Shark vs. Kolossus,-2015
Doctor Who,-1996
Piranhaconda,-2012
Charly,-1968
Slaughterhouse-Five,-1972
Journey to the Center of the Earth,-1959
Zombie Apocalypse,-2011
Nutty Professor II: The Klumps,-2000
Resident Evil: Degeneration,-2008
The Last Mimzy,-2007
King Kong vs. Godzilla,-1962
Lost Time,-2014
Debug,-2014
Battlestar Galactica: Razor,-2007
The Hidden,-1987
Les visiteurs,-1993
Knight Rider,-2018
Embers,-2015
Shelter,-2015
Dr. Jekyll and Mr. Hyde,-1920
Atlas Shrugged II: The Strike,-2012
Ejecta,-2014
Lake Placid 3,-2010
Attack of the Killer Tomatoes!,-1978
Untitled Star Wars Anthology Film,-2016
Alphaville,-1965
Age of Ice,-2014
Fallen,-2006
Resident Evil: Damnation,-2012
The Phoenix Project,-2015
Universal Soldier: Regeneration,-2009
Impostor,-2001
Joe's Apartment,-1996
The Crazies,-1973
Hell,-2011
Disaster Wars: Earthquake vs. Tsunami,-2013
The Ice Pirates,-1984
Brainstorm,-1983
Batman,-1943
Minutemen,-2008
Toxin,-2015
Boy 7,-2015
Altitude,-2010
Jurassic City,-2014
Freejack,-1992
Deadly Friend,-1986
Robinson Crusoe on Mars,-1964
Doghouse,-2009
On the Beach,-1959
Lawnmower Man 2: Beyond Cyberspace,-1996
The Last Days,-2013
This Island Earth,-1955
Disaster L.A.,-2014
Dracula 3000,-2004
Mulberry St,-2006
Shivers,-1975
Carrie,-2002
Mega Shark vs. Mecha Shark,-2014
2047: Sights of Death,-2014
Dinosaur Island,-2014
Sleeper,-1973
Saturn 3,-1980
Cherry 2000,-1987
Rabid,-1977
Quarantine 2: Terminal,-2011
Rubinrot,-2013
Alien Nation,-1988
Cheech and Chong's Next Movie,-1980
The Human Race,-2013
Just Visiting,-2001
Battle for Skyark,-2015
The Astronaut Farmer,-2006
It Came from Beneath the Sea,-1955
Split Second,-1992
Short Circuit 2,-1988
The Alligator People,-1959
TerrorVision,-1986
Closer to God,-2014
Zapped!,-1982
Spiders,-2013
Starship: Apocalypse,-2014
A Wrinkle in Time,-2003
Clockstoppers,-2002
The Future,-2011
Neon Genesis Evangelion: The End of Evangelion,-1997
Southbound,-2015
"Tetsuo, the Iron Man",-1989
Children of the Damned,-1964
Ice Soldiers,-2013
The Garbage Pail Kids Movie,-1987
Recess: School's Out,-2001
Amazon Women on the Moon,-1987
The Island of Dr. Moreau,-1977
Miracle Mile,-1988
Airplane vs. Volcano,-2014
Zodiac: Signs of the Apocalypse,-2014
Invaders from Mars,-1986
The Omega Code,-1999
Akira,-2016
House of Frankenstein,-1944
Martian Land,-2015
Phantasm IV: Oblivion,-1998
It's All About Love,-2003
The Rejects,-2015
Modern Problems,-1981
Tell Tale,-2009
The Lost World,-1960
Nemesis,-1992
Untitled I Am Legend Reboot,-2016
Jurassic Prey,-2015
Flight of the Living Dead,-2007
Return of the Killer Tomatoes!,-1988
Contamination,-1980
Man-Thing,-2005
The Specials,-2000
Raiders of the Lost Shark,-2014
Ghost in the Shell Arise: Border 3 - Ghost Tears,-2014
The Powerpuff Girls Movie,-2002
Alien Raiders,-2008
Red Rising,-2016
Return from Witch Mountain,-1978
Luna Park,-2016
"Spider Baby or, The Maddest Story Ever Told",-1967
Skinwalker Ranch,-2013
Beyond,-2014
Untitled Marvel Project,-2020
Mosquito,-1995
Ninja Apocalypse,-2014
Half-Life,-2016
Bermuda Tentacles,-2014
Zombie Shark,-2015
Return of the Living Dead: Rave to the Grave,-2005
Black Forest,-2012
The Chronicles of Riddick: Into Pitch Black,-2000
Teen Titans,-2016
Dragon Ball Z: Wrath of the Dragon,-1995
The End,-2012
Nowhere Boys: The Book of Shadows,-2016
Moon 44,-1990
Daylight's End,-2015
The Quiet Hour,-2014
The Cannibal in the Jungle,-2015
Godzilla 2000,-1999
Evidence,-2012
Prophecy,-1979
Space Truckers,-1996
Krrish,-2006
Mr. X,-2015
Stag Night of the Dead,-2010
Damnation Alley,-1977
Return to Nuke 'Em High Volume 1,-2013
Ghost Machine,-2009
Baby: Secret of the Lost Legend,-1985
Infestation,-2009
Magic Kingdom,-2016
The Brother from Another Planet,-1984
Transformers 6,-2016
The Brain That Wouldn't Die,-1962
13 Eerie,-2013
The Silencers,-1966
Cocoon: The Return,-1988
Portal,-2016
Without Warning,-1980
Shadows on the Wall,-2015
Saturday the 14th,-1981
WEAPONiZED,-2016
009-1: The End of the Beginning,-2013
Firestarter 2: Rekindled,-2002
Black Moon Rising,-1986
The Lathe of Heaven,-1980
Dead Sea,-2014
Our Man Flint,-1966
"Ultramarines: A Warhammer 40,000 Movie",-2010
Judas Kiss,-2011
Perfect Creature,-2006
Man's Best Friend,-1993
Here Come the Munsters,-1995
Emmanuelle 3: A Lesson in Love,-1994
Manborg,-2011
2001: A Space Travesty,-2000
Mass Effect,-2016
District 10,-2016
LFO,-2013
Cyborg Nemesis,-2016
Creature,-1985
Voyage to the Bottom of the Sea,-1961
Shatterbrain,-1991
The Return of the Killer Klowns from Outer Space in 3D,-2016
Patrick,-1978
Untitled Terminator 3,-2018
Pokémon 3: The Movie,-2000
Cowboys vs Dinosaurs,-2015
Alien Hunter,-2003
Dinoshark,-2010
Left Behind: World at War,-2005
Decoys,-2004
The Incident,-2014
A Fish Tale,-2000
Black Box,-2012
Death Machine,-1994
Fullmetal Alchemist: The Sacred Star of Milos,-2011
Escape 2000,-1982
Robot Chicken: DC Comics Special,-2012
Lucy 2,-2016
Spiders,-2000
Star Leaf,-2015
Zenon: Z3,-2004
Skate God,-2016
Mega Python vs. Gatoroid,-2011
Riverworld,-2010
Galaxina,-1980
Meltdown: Days of Destruction,-2006
Soldiers of the Sun,-2016
Avalanche Sharks,-2013
House of the Dead 2,-2005
Robot Chicken: Star Wars Episode III,-2010
Quantum Apocalypse,-2010
Attack of the 50 Foot Woman,-1958
Jessica Frost,-2016
Blood Beach,-1980
Hunter Prey,-2010
Army of Frankensteins,-2013
"Munster, Go Home!",-1966
Another Time,-2015
Phantasm III: Lord of the Dead,-1994
Garrison 7: The Fallen,-2017
Forbidden World,-1982
Robotech,-2009
Dead Heat,-1988
Afro Samurai: Resurrection,-2009
Patch Town,-2014
Ghost in the Machine,-1993
Citizen Toxie: The Toxic Avenger IV,-2000
Night of the Lepus,-1972
51,-2011
Solo,-1996
The Death of the Incredible Hulk,-1990
Silver Surfer,-2016
Santa Claus Conquers the Martians,-1964
Frankenstein Must Be Destroyed,-1969
Project Lazarus,-2016
Space Mutiny,-1988
Fahrenheit 451,-2016
Digimon: The Movie,-2000
Breeders,-1997
Phineas and Ferb the Movie: Across the 2nd Dimension,-2011
Pizza Man,-2011
On the Beach,-2000
Sinbad and the Minotaur,-2011
Matched,-2014
Snow Beast,-2011
Super Fuzz,-1980
Isolation,-2005
Reign of the Gargoyles,-2007
War of the Colossal Beast,-1958
Critters 4,-1992
The Medusa Touch,-1978
Aimy in a Cage,-2015
Terminal Invasion,-2002
The Quiet Earth,-1985
Sergeant X,-2016
Steel Dawn,-1987
Rise,-2015
The Mind's Eye,-2015
The Vampire,-1957
Airwolf,-1984
KISS Meets the Phantom of the Park,-1978
Alien Strain,-2014
Laserblast,-1978
Redline,-2009
Evangelion: 2.0 You Can (Not) Advance,-2009
Transformers Prime Beast Hunters: Predacons Rising,-2013
Kingdom of the Spiders,-1977
Frankenfish,-2004
Prototype,-2009
In Like Flint,-1967
Liquid Sky,-1982
Lost in the Pacific,-2015
The Blood of Heroes,-1989
Return of the Living Dead: Necropolis,-2005
Universal Soldier II: Brothers in Arms,-1988
Infected,-2008
The Deadly Spawn,-1983
Rats - Notte di terrore,-1984
Meteor,-1979
Smilla's Sense of Snow,-1997
Red Faction: Origins,-2011
Outpost: Black Sun,-2012
Behemoth,-2011
"20,000 Leagues Under the Sea",-1997
Altergeist,-2014
The Ghost of Frankenstein,-1942
The Return of Swamp Thing,-1989
Gandahar,-1988
Vipers,-2008
Bad Girl Island,-2007
Journey to the Far Side of the Sun,-1969
Guyver: Dark Hero,-1994
Mr India,-1987
A Thousand Kisses Deep,-2011
The Devil's Tomb,-2009
Invasion of the Bee Girls,-1973
Jetsons: The Movie,-1990
Femalien,-1996
Nick Fury: Agent of Shield,-1998
The Philadelphia Experiment,-2012
Camel Spiders,-2011
Mothra,-1961
Scorcher,-2002
Stonados,-2013
Godzilla: Final Wars,-2004
Poison,-1991
Last Night,-1998
Silent Rage,-1982
Trucks,-1997
Prayer of the Rollerboys,-1990
Dead Season,-2012
The Trial of the Incredible Hulk,-1989
Black Mask,-1996
Virtual Sexuality,-1999
The Revenge of Frankenstein,-1958
The Man in the White Suit,-1951
The Day the Earth Caught Fire,-1961
Grand Tour: Disaster in Time,-1992
Naked Souls,-1996
Rakuen Tsuiho: Expelled from Paradise,-2014
Vampire Hunter D: Bloodlust,-2000
Beastmaster III: The Eye of Braxus,-1996
Bigfoot,-2012
Black Road,-2015
Hardwired,-2009
Mega Piranha,-2010
Candy Stripers,-2006
The Six Million Dollar Man,-1973
Earth vs. the Flying Saucers,-1956
All Superheroes Must Die,-2011
Dragon Ball Z: The Return of Cooler,-1992
Arachnid,-2001
Special,-2006
Dreamworks Spooky Stories,-2012
Reversion,-2015
Iceman,-1984
